Assembly Accession	Assembly-unit accession	Chromosome name	GC Count	GC Percent	GenBank seq accession	Molecule type	Ordering	RefSeq seq accession	Role	Seq length	UCSC style name	Unlocalized Count	Sequence name
GCF_000001405.25	Primary Assembly	1	99389779	41.5	CM000663.1	Chromosome		NC_000001.10	assembled-molecule	249250621	chr1	2	1
GCF_000001405.25	Primary Assembly	2	99767935	40.5	CM000664.1	Chromosome		NC_000002.11	assembled-molecule	243199373	chr2		2
GCF_000001405.25	Primary Assembly	3	90281641	40	CM000665.1	Chromosome		NC_000003.11	assembled-molecule	198022430	chr3		3
GCF_000001405.25	Primary Assembly	4	76010384	38.5	CM000666.1	Chromosome		NC_000004.11	assembled-molecule	191154276	chr4	2	4
GCF_000001405.25	Primary Assembly	5	91886496	39.5	CM000667.1	Chromosome		NC_000005.9	assembled-molecule	180915260	chr5		5
GCF_000001405.25	Primary Assembly	6	67554661	39.5	CM000668.1	Chromosome		NC_000006.11	assembled-molecule	171115067	chr6		6
GCF_000001405.25	Primary Assembly	7	68479909	41	CM000669.1	Chromosome		NC_000007.13	assembled-molecule	159138663	chr7	1	7
GCF_000001405.25	Primary Assembly	8	74996653	40	CM000670.1	Chromosome		NC_000008.10	assembled-molecule	146364022	chr8	2	8
GCF_000001405.25	Primary Assembly	9	51899263	41.5	CM000671.1	Chromosome		NC_000009.11	assembled-molecule	141213431	chr9	4	9
GCF_000001405.25	Primary Assembly	10	57994424	41.5	CM000672.1	Chromosome		NC_000010.10	assembled-molecule	135534747	chr10		10
GCF_000001405.25	Primary Assembly	11	68290976	41.5	CM000673.1	Chromosome		NC_000011.9	assembled-molecule	135006516	chr11	1	11
GCF_000001405.25	Primary Assembly	12	56688274	41	CM000674.1	Chromosome		NC_000012.11	assembled-molecule	133851895	chr12		12
GCF_000001405.25	Primary Assembly	13	37502167	38.5	CM000675.1	Chromosome		NC_000013.10	assembled-molecule	115169878	chr13		13
GCF_000001405.25	Primary Assembly	14	44149094	41	CM000676.1	Chromosome		NC_000014.8	assembled-molecule	107349540	chr14		14
GCF_000001405.25	Primary Assembly	15	45102832	42	CM000677.1	Chromosome		NC_000015.9	assembled-molecule	102531392	chr15		15
GCF_000001405.25	Primary Assembly	16	46974148	44.5	CM000678.1	Chromosome		NC_000016.9	assembled-molecule	90354753	chr16		16
GCF_000001405.25	Primary Assembly	17	44185552	45.5	CM000679.1	Chromosome		NC_000017.10	assembled-molecule	81195210	chr17	4	17
GCF_000001405.25	Primary Assembly	18	38382018	39.5	CM000680.1	Chromosome		NC_000018.9	assembled-molecule	78077248	chr18	1	18
GCF_000001405.25	Primary Assembly	19	31223717	48.5	CM000681.1	Chromosome		NC_000019.9	assembled-molecule	59128983	chr19	2	19
GCF_000001405.25	Primary Assembly	20	26416102	44	CM000682.1	Chromosome		NC_000020.10	assembled-molecule	63025520	chr20		20
GCF_000001405.25	Primary Assembly	21	16672745	41	CM000683.1	Chromosome		NC_000021.8	assembled-molecule	48129895	chr21	1	21
GCF_000001405.25	Primary Assembly	22	18192559	48	CM000684.1	Chromosome		NC_000022.10	assembled-molecule	51304566	chr22		22
GCF_000001405.25	Primary Assembly	X	63349941	39.5	CM000685.1	Chromosome		NC_000023.10	assembled-molecule	155270560	chrX		X
GCF_000001405.25	Primary Assembly	Y	10522473	40	CM000686.1	Chromosome		NC_000024.9	assembled-molecule	59373566	chrY		Y
GCF_000001405.25	Primary Assembly	1			GL000191.1	Chromosome		NT_113878.1	unlocalized-scaffold	106433	chr1_gl000191_random	2	HSCHR1_RANDOM_CTG5
GCF_000001405.25	Primary Assembly	1			GL000192.1	Chromosome		NT_167207.1	unlocalized-scaffold	547496	chr1_gl000192_random	2	HSCHR1_RANDOM_CTG12
GCF_000001405.25	Primary Assembly	4			GL000193.1	Chromosome		NT_113885.1	unlocalized-scaffold	189789	chr4_gl000193_random	2	HSCHR4_RANDOM_CTG2
GCF_000001405.25	Primary Assembly	4			GL000194.1	Chromosome		NT_113888.1	unlocalized-scaffold	191469	chr4_gl000194_random	2	HSCHR4_RANDOM_CTG3
GCF_000001405.25	Primary Assembly	7			GL000195.1	Chromosome		NT_113901.1	unlocalized-scaffold	182896	chr7_gl000195_random	1	HSCHR7_RANDOM_CTG1
GCF_000001405.25	Primary Assembly	8			GL000196.1	Chromosome		NT_113909.1	unlocalized-scaffold	38914	chr8_gl000196_random	2	HSCHR8_RANDOM_CTG1
GCF_000001405.25	Primary Assembly	8			GL000197.1	Chromosome		NT_113907.1	unlocalized-scaffold	37175	chr8_gl000197_random	2	HSCHR8_RANDOM_CTG4
GCF_000001405.25	Primary Assembly	9			GL000198.1	Chromosome		NT_113914.1	unlocalized-scaffold	90085	chr9_gl000198_random	4	HSCHR9_RANDOM_CTG1
GCF_000001405.25	Primary Assembly	9			GL000199.1	Chromosome		NT_113916.2	unlocalized-scaffold	169874	chr9_gl000199_random	4	HSCHR9_RANDOM_CTG2
GCF_000001405.25	Primary Assembly	9			GL000200.1	Chromosome		NT_113915.1	unlocalized-scaffold	187035	chr9_gl000200_random	4	HSCHR9_RANDOM_CTG4
GCF_000001405.25	Primary Assembly	9			GL000201.1	Chromosome		NT_113911.1	unlocalized-scaffold	36148	chr9_gl000201_random	4	HSCHR9_RANDOM_CTG5
GCF_000001405.25	Primary Assembly	11			GL000202.1	Chromosome		NT_113921.2	unlocalized-scaffold	40103	chr11_gl000202_random	1	HSCHR11_RANDOM_CTG2
GCF_000001405.25	Primary Assembly	17			GL000203.1	Chromosome		NT_113941.1	unlocalized-scaffold	37498	chr17_gl000203_random	4	HSCHR17_RANDOM_CTG1
GCF_000001405.25	Primary Assembly	17			GL000204.1	Chromosome		NT_113943.1	unlocalized-scaffold	81310	chr17_gl000204_random	4	HSCHR17_RANDOM_CTG2
GCF_000001405.25	Primary Assembly	17			GL000205.1	Chromosome		NT_113930.1	unlocalized-scaffold	174588	chr17_gl000205_random	4	HSCHR17_RANDOM_CTG3
GCF_000001405.25	Primary Assembly	17			GL000206.1	Chromosome		NT_113945.1	unlocalized-scaffold	41001	chr17_gl000206_random	4	HSCHR17_RANDOM_CTG4
GCF_000001405.25	Primary Assembly	18			GL000207.1	Chromosome		NT_113947.1	unlocalized-scaffold	4262	chr18_gl000207_random	1	HSCHR18_RANDOM_CTG1
GCF_000001405.25	Primary Assembly	19			GL000208.1	Chromosome		NT_113948.1	unlocalized-scaffold	92689	chr19_gl000208_random	2	HSCHR19_RANDOM_CTG1
GCF_000001405.25	Primary Assembly	19			GL000209.1	Chromosome		NT_113949.1	unlocalized-scaffold	159169	chr19_gl000209_random	2	HSCHR19_RANDOM_CTG2
GCF_000001405.25	Primary Assembly	21			GL000210.1	Chromosome		NT_113950.2	unlocalized-scaffold	27682	chr21_gl000210_random	1	HSCHR21_RANDOM_CTG9
GCF_000001405.25	Primary Assembly	Un			GL000211.1	Chromosome		NT_113961.1	unplaced-scaffold	166566	chrUn_gl000211		HSCHRUN_RANDOM_CTG1
GCF_000001405.25	Primary Assembly	Un			GL000212.1	Chromosome		NT_113923.1	unplaced-scaffold	186858	chrUn_gl000212		HSCHRUN_RANDOM_CTG2
GCF_000001405.25	Primary Assembly	Un			GL000213.1	Chromosome		NT_167208.1	unplaced-scaffold	164239	chrUn_gl000213		HSCHRUN_RANDOM_CTG3
GCF_000001405.25	Primary Assembly	Un			GL000214.1	Chromosome		NT_167209.1	unplaced-scaffold	137718	chrUn_gl000214		HSCHRUN_RANDOM_CTG4
GCF_000001405.25	Primary Assembly	Un			GL000215.1	Chromosome		NT_167210.1	unplaced-scaffold	172545	chrUn_gl000215		HSCHRUN_RANDOM_CTG5
GCF_000001405.25	Primary Assembly	Un			GL000216.1	Chromosome		NT_167211.1	unplaced-scaffold	172294	chrUn_gl000216		HSCHRUN_RANDOM_CTG6
GCF_000001405.25	Primary Assembly	Un			GL000217.1	Chromosome		NT_167212.1	unplaced-scaffold	172149	chrUn_gl000217		HSCHRUN_RANDOM_CTG7
GCF_000001405.25	Primary Assembly	Un			GL000218.1	Chromosome		NT_113889.1	unplaced-scaffold	161147	chrUn_gl000218		HSCHRUN_RANDOM_CTG9
GCF_000001405.25	Primary Assembly	Un			GL000219.1	Chromosome		NT_167213.1	unplaced-scaffold	179198	chrUn_gl000219		HSCHRUN_RANDOM_CTG10
GCF_000001405.25	Primary Assembly	Un			GL000220.1	Chromosome		NT_167214.1	unplaced-scaffold	161802	chrUn_gl000220		HSCHRUN_RANDOM_CTG11
GCF_000001405.25	Primary Assembly	Un			GL000221.1	Chromosome		NT_167215.1	unplaced-scaffold	155397	chrUn_gl000221		HSCHRUN_RANDOM_CTG13
GCF_000001405.25	Primary Assembly	Un			GL000222.1	Chromosome		NT_167216.1	unplaced-scaffold	186861	chrUn_gl000222		HSCHRUN_RANDOM_CTG14
GCF_000001405.25	Primary Assembly	Un			GL000223.1	Chromosome		NT_167217.1	unplaced-scaffold	180455	chrUn_gl000223		HSCHRUN_RANDOM_CTG15
GCF_000001405.25	Primary Assembly	Un			GL000224.1	Chromosome		NT_167218.1	unplaced-scaffold	179693	chrUn_gl000224		HSCHRUN_RANDOM_CTG16
GCF_000001405.25	Primary Assembly	Un			GL000225.1	Chromosome		NT_167219.1	unplaced-scaffold	211173	chrUn_gl000225		HSCHRUN_RANDOM_CTG17
GCF_000001405.25	Primary Assembly	Un			GL000226.1	Chromosome		NT_167220.1	unplaced-scaffold	15008	chrUn_gl000226		HSCHRUN_RANDOM_CTG19
GCF_000001405.25	Primary Assembly	Un			GL000227.1	Chromosome		NT_167221.1	unplaced-scaffold	128374	chrUn_gl000227		HSCHRUN_RANDOM_CTG20
GCF_000001405.25	Primary Assembly	Un			GL000228.1	Chromosome		NT_167222.1	unplaced-scaffold	129120	chrUn_gl000228		HSCHRUN_RANDOM_CTG21
GCF_000001405.25	Primary Assembly	Un			GL000229.1	Chromosome		NT_167223.1	unplaced-scaffold	19913	chrUn_gl000229		HSCHRUN_RANDOM_CTG22
GCF_000001405.25	Primary Assembly	Un			GL000230.1	Chromosome		NT_167224.1	unplaced-scaffold	43691	chrUn_gl000230		HSCHRUN_RANDOM_CTG23
GCF_000001405.25	Primary Assembly	Un			GL000231.1	Chromosome		NT_167225.1	unplaced-scaffold	27386	chrUn_gl000231		HSCHRUN_RANDOM_CTG24
GCF_000001405.25	Primary Assembly	Un			GL000232.1	Chromosome		NT_167226.1	unplaced-scaffold	40652	chrUn_gl000232		HSCHRUN_RANDOM_CTG25
GCF_000001405.25	Primary Assembly	Un			GL000233.1	Chromosome		NT_167227.1	unplaced-scaffold	45941	chrUn_gl000233		HSCHRUN_RANDOM_CTG26
GCF_000001405.25	Primary Assembly	Un			GL000234.1	Chromosome		NT_167228.1	unplaced-scaffold	40531	chrUn_gl000234		HSCHRUN_RANDOM_CTG27
GCF_000001405.25	Primary Assembly	Un			GL000235.1	Chromosome		NT_167229.1	unplaced-scaffold	34474	chrUn_gl000235		HSCHRUN_RANDOM_CTG28
GCF_000001405.25	Primary Assembly	Un			GL000236.1	Chromosome		NT_167230.1	unplaced-scaffold	41934	chrUn_gl000236		HSCHRUN_RANDOM_CTG29
GCF_000001405.25	Primary Assembly	Un			GL000237.1	Chromosome		NT_167231.1	unplaced-scaffold	45867	chrUn_gl000237		HSCHRUN_RANDOM_CTG30
GCF_000001405.25	Primary Assembly	Un			GL000238.1	Chromosome		NT_167232.1	unplaced-scaffold	39939	chrUn_gl000238		HSCHRUN_RANDOM_CTG31
GCF_000001405.25	Primary Assembly	Un			GL000239.1	Chromosome		NT_167233.1	unplaced-scaffold	33824	chrUn_gl000239		HSCHRUN_RANDOM_CTG32
GCF_000001405.25	Primary Assembly	Un			GL000240.1	Chromosome		NT_167234.1	unplaced-scaffold	41933	chrUn_gl000240		HSCHRUN_RANDOM_CTG33
GCF_000001405.25	Primary Assembly	Un			GL000241.1	Chromosome		NT_167235.1	unplaced-scaffold	42152	chrUn_gl000241		HSCHRUN_RANDOM_CTG34
GCF_000001405.25	Primary Assembly	Un			GL000242.1	Chromosome		NT_167236.1	unplaced-scaffold	43523	chrUn_gl000242		HSCHRUN_RANDOM_CTG35
GCF_000001405.25	Primary Assembly	Un			GL000243.1	Chromosome		NT_167237.1	unplaced-scaffold	43341	chrUn_gl000243		HSCHRUN_RANDOM_CTG36
GCF_000001405.25	Primary Assembly	Un			GL000244.1	Chromosome		NT_167238.1	unplaced-scaffold	39929	chrUn_gl000244		HSCHRUN_RANDOM_CTG37
GCF_000001405.25	Primary Assembly	Un			GL000245.1	Chromosome		NT_167239.1	unplaced-scaffold	36651	chrUn_gl000245		HSCHRUN_RANDOM_CTG38
GCF_000001405.25	Primary Assembly	Un			GL000246.1	Chromosome		NT_167240.1	unplaced-scaffold	38154	chrUn_gl000246		HSCHRUN_RANDOM_CTG39
GCF_000001405.25	Primary Assembly	Un			GL000247.1	Chromosome		NT_167241.1	unplaced-scaffold	36422	chrUn_gl000247		HSCHRUN_RANDOM_CTG40
GCF_000001405.25	Primary Assembly	Un			GL000248.1	Chromosome		NT_167242.1	unplaced-scaffold	39786	chrUn_gl000248		HSCHRUN_RANDOM_CTG41
GCF_000001405.25	Primary Assembly	Un			GL000249.1	Chromosome		NT_167243.1	unplaced-scaffold	38502	chrUn_gl000249		HSCHRUN_RANDOM_CTG42
GCF_000001405.25	PATCHES	1			GL383516.1	Chromosome		NW_003315903.1	fix-patch	49316		2	HG999_1_PATCH
GCF_000001405.25	PATCHES	1			GL383517.1	Chromosome		NW_003315904.1	fix-patch	49352		2	HG999_2_PATCH
GCF_000001405.25	PATCHES	1			GL949741.1	Chromosome		NW_003571030.1	fix-patch	151551		2	HG989_PATCH
GCF_000001405.25	PATCHES	1			JH636052.4	Chromosome		NW_003871055.3	fix-patch	7283150		2	HG1287_PATCH
GCF_000001405.25	PATCHES	1			JH636053.3	Chromosome		NW_003871056.3	fix-patch	1676126		2	HG1292_PATCH
GCF_000001405.25	PATCHES	1			JH636054.1	Chromosome		NW_003871057.1	fix-patch	758378		2	HG1293_PATCH
GCF_000001405.25	PATCHES	1			JH806573.1	Chromosome		NW_004070863.1	fix-patch	24680		2	HG1471_PATCH
GCF_000001405.25	PATCHES	1			JH806574.2	Chromosome		NW_004070864.2	fix-patch	22982		2	HG1472_PATCH
GCF_000001405.25	PATCHES	1			JH806575.1	Chromosome		NW_004070865.1	fix-patch	47409		2	HG1473_PATCH
GCF_000001405.25	PATCHES	1			GL383518.1	Chromosome		NW_003315905.1	novel-patch	182439		2	HSCHR1_1_CTG31
GCF_000001405.25	PATCHES	1			GL383519.1	Chromosome		NW_003315906.1	novel-patch	110268		2	HSCHR1_2_CTG31
GCF_000001405.25	PATCHES	1			GL383520.1	Chromosome		NW_003315907.1	novel-patch	366579		2	HSCHR1_3_CTG31
GCF_000001405.25	PATCHES	2			GL877870.2	Chromosome		NW_003571031.1	fix-patch	66021			HG1007_PATCH
GCF_000001405.25	PATCHES	2			GL877871.1	Chromosome		NW_003571032.1	fix-patch	389939			HG686_PATCH
GCF_000001405.25	PATCHES	2			KB663603.1	Chromosome		NW_004504299.1	fix-patch	599580			HG953_PATCH
GCF_000001405.25	PATCHES	2			GL383521.1	Chromosome		NW_003315908.1	novel-patch	143390			HSCHR2_1_CTG1
GCF_000001405.25	PATCHES	2			GL383522.1	Chromosome		NW_003315909.1	novel-patch	123821			HSCHR2_1_CTG12
GCF_000001405.25	PATCHES	2			GL582966.2	Chromosome		NW_003571033.2	novel-patch	96131			HSCHR2_2_CTG12
GCF_000001405.25	PATCHES	3			GL383523.1	Chromosome		NW_003315910.1	fix-patch	171362			HG186_PATCH
GCF_000001405.25	PATCHES	3			GL383524.1	Chromosome		NW_003315911.1	fix-patch	78793			HG280_PATCH
GCF_000001405.25	PATCHES	3			GL383525.1	Chromosome		NW_003315912.1	fix-patch	65063			HG991_PATCH
GCF_000001405.25	PATCHES	3			JH159131.1	Chromosome		NW_003871058.1	fix-patch	393769			HG1091_PATCH
GCF_000001405.25	PATCHES	3			JH159132.1	Chromosome		NW_003871059.1	fix-patch	100694			HG325_PATCH
GCF_000001405.25	PATCHES	3			KE332495.1	Chromosome		NW_004775426.1	fix-patch	263861			HG957_PATCH
GCF_000001405.25	PATCHES	3			GL383526.1	Chromosome		NW_003315913.1	novel-patch	180671			HSCHR3_1_CTG2_1
GCF_000001405.25	PATCHES	3			JH636055.1	Chromosome		NW_003871060.1	novel-patch	173151			HSCHR3_1_CTG1
GCF_000001405.25	PATCHES	4			GL582967.1	Chromosome		NW_003571035.1	fix-patch	248177		2	HG706_PATCH
GCF_000001405.25	PATCHES	4			GL877872.1	Chromosome		NW_003571034.1	fix-patch	297485		2	HG1032_PATCH
GCF_000001405.25	PATCHES	4			KE332496.1	Chromosome		NW_004775427.1	fix-patch	503215		2	HG174_HG254_PATCH
GCF_000001405.25	PATCHES	4			GL383527.1	Chromosome		NW_003315914.1	novel-patch	164536		2	HSCHR4_1_CTG12
GCF_000001405.25	PATCHES	4			GL383528.1	Chromosome		NW_003315915.1	novel-patch	376187		2	HSCHR4_1_CTG6
GCF_000001405.25	PATCHES	4			GL383529.1	Chromosome		NW_003315916.1	novel-patch	121345		2	HSCHR4_2_CTG9
GCF_000001405.25	PATCHES	5			JH159133.1	Chromosome		NW_003871061.1	fix-patch	266316			HG1063_PATCH
GCF_000001405.25	PATCHES	5			KE332497.1	Chromosome		NW_004775428.1	fix-patch	543325			HG1082_HG167_PATCH
GCF_000001405.25	PATCHES	5			GL339449.2	Chromosome		NW_003315917.2	novel-patch	1612928			HSCHR5_1_CTG1
GCF_000001405.25	PATCHES	5			GL383530.1	Chromosome		NW_003315918.1	novel-patch	101241			HSCHR5_1_CTG2
GCF_000001405.25	PATCHES	5			GL383531.1	Chromosome		NW_003315919.1	novel-patch	173459			HSCHR5_1_CTG5
GCF_000001405.25	PATCHES	5			GL383532.1	Chromosome		NW_003315920.1	novel-patch	82728			HSCHR5_2_CTG1
GCF_000001405.25	PATCHES	5			GL949742.1	Chromosome		NW_003571036.1	novel-patch	226852			HSCHR5_3_CTG1
GCF_000001405.25	PATCHES	6			JH636056.1	Chromosome		NW_003871062.1	fix-patch	262912			HG1304_PATCH
GCF_000001405.25	PATCHES	6			JH636057.1	Chromosome		NW_003871063.1	fix-patch	200195			HG1322_PATCH
GCF_000001405.25	PATCHES	6			JH806576.1	Chromosome		NW_004070866.1	fix-patch	273386			HG27_PATCH
GCF_000001405.25	PATCHES	6			KB663604.1	Chromosome		NW_004504300.1	fix-patch	478993			HG357_PATCH
GCF_000001405.25	PATCHES	6			KE332498.1	Chromosome		NW_004775429.1	fix-patch	149443			HG193_PATCH
GCF_000001405.25	PATCHES	6			GL383533.1	Chromosome		NW_003315921.1	novel-patch	124736			HSCHR6_1_CTG5
GCF_000001405.25	PATCHES	6			KB021644.1	Chromosome		NW_004166862.1	novel-patch	187824			HSCHR6_2_CTG5
GCF_000001405.25	PATCHES	7			GL582968.1	Chromosome		NW_003571037.1	fix-patch	356330		1	HG115_PATCH
GCF_000001405.25	PATCHES	7			GL582969.1	Chromosome		NW_003571038.1	fix-patch	251823		1	HG14_PATCH
GCF_000001405.25	PATCHES	7			GL582970.1	Chromosome		NW_003571039.1	fix-patch	354970		1	HG736_PATCH
GCF_000001405.25	PATCHES	7			GL582971.1	Chromosome		NW_003571040.1	fix-patch	1284284		1	HG7_PATCH
GCF_000001405.25	PATCHES	7			GL582972.1	Chromosome		NW_003571041.1	fix-patch	327774		1	HG946_PATCH
GCF_000001405.25	PATCHES	7			JH159134.2	Chromosome		NW_003871064.1	fix-patch	3821770		1	HG1257_PATCH
GCF_000001405.25	PATCHES	7			JH636058.1	Chromosome		NW_003871065.1	fix-patch	716227		1	HG1308_PATCH
GCF_000001405.25	PATCHES	7			KE332499.1	Chromosome		NW_004775430.1	fix-patch	274521		1	HG444_PATCH
GCF_000001405.25	PATCHES	7			GL383534.2	Chromosome		NW_003315922.2	novel-patch	119183		1	HSCHR7_1_CTG6
GCF_000001405.25	PATCHES	8			GL383535.1	Chromosome		NW_003315923.1	fix-patch	429806		2	HG104_HG975_PATCH
GCF_000001405.25	PATCHES	8			GL383536.1	Chromosome		NW_003315924.1	fix-patch	203777		2	HG243_PATCH
GCF_000001405.25	PATCHES	8			GL949743.1	Chromosome		NW_003571042.1	fix-patch	608579		2	HG19_PATCH
GCF_000001405.25	PATCHES	8			JH159135.2	Chromosome		NW_003871066.2	fix-patch	102251		2	HG418_PATCH
GCF_000001405.25	PATCHES	8			KE332500.1	Chromosome		NW_004775431.1	fix-patch	228602		2	HG1699_PATCH
GCF_000001405.25	PATCHES	9			GL339450.1	Chromosome		NW_003315925.1	fix-patch	330164		4	HG79_PATCH
GCF_000001405.25	PATCHES	9			GL383537.1	Chromosome		NW_003315926.1	fix-patch	62435		4	HG998_1_PATCH
GCF_000001405.25	PATCHES	9			GL383538.1	Chromosome		NW_003315927.1	fix-patch	49281		4	HG998_2_PATCH
GCF_000001405.25	PATCHES	9			JH636059.1	Chromosome		NW_003871067.1	fix-patch	295379		4	HG962_PATCH
GCF_000001405.25	PATCHES	9			JH806577.1	Chromosome		NW_004070867.1	fix-patch	22394		4	HG1500_PATCH
GCF_000001405.25	PATCHES	9			JH806578.1	Chromosome		NW_004070868.1	fix-patch	169437		4	HG1501_PATCH
GCF_000001405.25	PATCHES	9			JH806579.1	Chromosome		NW_004070869.1	fix-patch	211307		4	HG1502_PATCH
GCF_000001405.25	PATCHES	9			KB663605.1	Chromosome		NW_004504301.1	fix-patch	155926		4	HG50_PATCH
GCF_000001405.25	PATCHES	9			GL383539.1	Chromosome		NW_003315928.1	novel-patch	162988		4	HSCHR9_1_CTG1
GCF_000001405.25	PATCHES	9			GL383540.1	Chromosome		NW_003315929.1	novel-patch	71551		4	HSCHR9_1_CTG35
GCF_000001405.25	PATCHES	9			GL383541.1	Chromosome		NW_003315930.1	novel-patch	171286		4	HSCHR9_2_CTG35
GCF_000001405.25	PATCHES	9			GL383542.1	Chromosome		NW_003315931.1	novel-patch	60032		4	HSCHR9_3_CTG35
GCF_000001405.25	PATCHES	10			GL383543.1	Chromosome		NW_003315932.1	fix-patch	392792			HG544_PATCH
GCF_000001405.25	PATCHES	10			GL383544.1	Chromosome		NW_003315933.1	fix-patch	128378			HG995_PATCH
GCF_000001405.25	PATCHES	10			GL877873.1	Chromosome		NW_003571043.1	fix-patch	168465			HG905_PATCH
GCF_000001405.25	PATCHES	10			JH591181.2	Chromosome		NW_003871068.1	fix-patch	2281126			HG1211_PATCH
GCF_000001405.25	PATCHES	10			JH591182.1	Chromosome		NW_003871069.1	fix-patch	196262			HG311_PATCH
GCF_000001405.25	PATCHES	10			JH591183.1	Chromosome		NW_003871070.1	fix-patch	177920			HG339_PATCH
GCF_000001405.25	PATCHES	10			JH636060.1	Chromosome		NW_003871071.1	fix-patch	437946			HG871_PATCH
GCF_000001405.25	PATCHES	10			JH806580.1	Chromosome		NW_004070870.1	fix-patch	93149			HG1479_PATCH
GCF_000001405.25	PATCHES	10			KB663606.1	Chromosome		NW_004504302.1	fix-patch	305900			HG1074_PATCH
GCF_000001405.25	PATCHES	10			KE332501.1	Chromosome		NW_004775432.1	fix-patch	1020827			HG979_PATCH
GCF_000001405.25	PATCHES	10			GL383545.1	Chromosome		NW_003315934.1	novel-patch	179254			HSCHR10_1_CTG2
GCF_000001405.25	PATCHES	10			GL383546.1	Chromosome		NW_003315935.1	novel-patch	309802			HSCHR10_1_CTG5
GCF_000001405.25	PATCHES	11			GL582973.1	Chromosome		NW_003571045.1	fix-patch	321004		1	HG281_PATCH
GCF_000001405.25	PATCHES	11			GL949744.1	Chromosome		NW_003571046.1	fix-patch	276448		1	HG536_PATCH
GCF_000001405.25	PATCHES	11			JH159138.1	Chromosome		NW_003871076.1	fix-patch	108875		1	HG299_PATCH
GCF_000001405.25	PATCHES	11			JH159139.1	Chromosome		NW_003871077.1	fix-patch	120441		1	HG305_PATCH
GCF_000001405.25	PATCHES	11			JH159140.1	Chromosome		NW_003871078.1	fix-patch	546435		1	HG306_PATCH
GCF_000001405.25	PATCHES	11			JH159141.2	Chromosome		NW_003871079.1	fix-patch	240775		1	HG348_PATCH
GCF_000001405.25	PATCHES	11			JH159142.2	Chromosome		NW_003871080.1	fix-patch	326647		1	HG388_HG400_PATCH
GCF_000001405.25	PATCHES	11			JH159143.1	Chromosome		NW_003871081.1	fix-patch	191402		1	HG414_PATCH
GCF_000001405.25	PATCHES	11			JH591184.1	Chromosome		NW_003871075.1	fix-patch	462282		1	HG256_PATCH
GCF_000001405.25	PATCHES	11			JH591185.1	Chromosome		NW_003871082.1	fix-patch	167437		1	HG873_PATCH
GCF_000001405.25	PATCHES	11			JH720443.2	Chromosome		NW_003871072.2	fix-patch	408430		1	HG122_PATCH
GCF_000001405.25	PATCHES	11			JH806581.1	Chromosome		NW_004070871.1	fix-patch	872115		1	HG865_PATCH
GCF_000001405.25	PATCHES	11			GL383547.1	Chromosome		NW_003315936.1	novel-patch	154407		1	HSCHR11_1_CTG1_1
GCF_000001405.25	PATCHES	11			JH159136.1	Chromosome		NW_003871073.1	novel-patch	200998		1	HG142_HG150_NOVEL_TEST
GCF_000001405.25	PATCHES	11			JH159137.1	Chromosome		NW_003871074.1	novel-patch	191409		1	HG151_NOVEL_TEST
GCF_000001405.25	PATCHES	12			GL383548.1	Chromosome		NW_003315937.1	fix-patch	165247			HG996_PATCH
GCF_000001405.25	PATCHES	12			GL582974.1	Chromosome		NW_003571048.1	fix-patch	163298			HG858_PATCH
GCF_000001405.25	PATCHES	12			JH720444.2	Chromosome		NW_003871083.2	fix-patch	273128			HG344_PATCH
GCF_000001405.25	PATCHES	12			KB663607.2	Chromosome		NW_004504303.2	fix-patch	334922			HG1595_PATCH
GCF_000001405.25	PATCHES	12			GL383549.1	Chromosome		NW_003315938.1	novel-patch	120804			HSCHR12_1_CTG2
GCF_000001405.25	PATCHES	12			GL383550.1	Chromosome		NW_003315939.1	novel-patch	169178			HSCHR12_1_CTG2_1
GCF_000001405.25	PATCHES	12			GL383551.1	Chromosome		NW_003315940.1	novel-patch	184319			HSCHR12_1_CTG5
GCF_000001405.25	PATCHES	12			GL383552.1	Chromosome		NW_003315941.1	novel-patch	138655			HSCHR12_2_CTG2_1
GCF_000001405.25	PATCHES	12			GL383553.2	Chromosome		NW_003315942.2	novel-patch	152874			HSCHR12_3_CTG2_1
GCF_000001405.25	PATCHES	12			GL877875.1	Chromosome		NW_003571049.1	novel-patch	167313			HSCHR12_1_CTG1
GCF_000001405.25	PATCHES	12			GL877876.1	Chromosome		NW_003571050.1	novel-patch	408271			HSCHR12_2_CTG2
GCF_000001405.25	PATCHES	12			GL949745.1	Chromosome		NW_003571047.1	novel-patch	372609			HG1133_PATCH
GCF_000001405.25	PATCHES	13			GL582975.1	Chromosome		NW_003571051.1	fix-patch	34662			HG531_PATCH
GCF_000001405.25	PATCHES	14			KB021645.1	Chromosome		NW_004166863.1	fix-patch	1523386			HG1592_PATCH
GCF_000001405.25	PATCHES	15			JH720445.1	Chromosome		NW_003871084.1	fix-patch	170033			HG971_PATCH
GCF_000001405.25	PATCHES	15			GL383554.1	Chromosome		NW_003315943.1	novel-patch	296527			HSCHR15_1_CTG4
GCF_000001405.25	PATCHES	15			GL383555.1	Chromosome		NW_003315944.1	novel-patch	388773			HSCHR15_1_CTG8
GCF_000001405.25	PATCHES	16			JH720446.1	Chromosome		NW_003871085.1	fix-patch	97345			HG1208_PATCH
GCF_000001405.25	PATCHES	16			GL383556.1	Chromosome		NW_003315945.1	novel-patch	192462			HSCHR16_1_CTG3_1
GCF_000001405.25	PATCHES	16			GL383557.1	Chromosome		NW_003315946.1	novel-patch	89672			HSCHR16_2_CTG3_1
GCF_000001405.25	PATCHES	17			GL383558.1	Chromosome		NW_003315947.1	fix-patch	457041		4	HG183_PATCH
GCF_000001405.25	PATCHES	17			GL383559.2	Chromosome		NW_003315948.2	fix-patch	338640		4	HG745_PATCH
GCF_000001405.25	PATCHES	17			GL383560.1	Chromosome		NW_003315949.1	fix-patch	534288		4	HG75_PATCH
GCF_000001405.25	PATCHES	17			GL383561.2	Chromosome		NW_003315950.2	fix-patch	644425		4	HG987_PATCH
GCF_000001405.25	PATCHES	17			GL383562.1	Chromosome		NW_003315951.1	fix-patch	45551		4	HG990_PATCH
GCF_000001405.25	PATCHES	17			GL582976.1	Chromosome		NW_003571052.1	fix-patch	412535		4	HG185_PATCH
GCF_000001405.25	PATCHES	17			JH159144.1	Chromosome		NW_003871088.1	fix-patch	388340		4	HG747_PATCH
GCF_000001405.25	PATCHES	17			JH159145.1	Chromosome		NW_003871090.1	fix-patch	194862		4	HG883_PATCH
GCF_000001405.25	PATCHES	17			JH591186.1	Chromosome		NW_003871089.1	fix-patch	376223		4	HG748_PATCH
GCF_000001405.25	PATCHES	17			JH636061.1	Chromosome		NW_003871087.1	fix-patch	186059		4	HG271_PATCH
GCF_000001405.25	PATCHES	17			JH720447.1	Chromosome		NW_003871086.1	fix-patch	454385		4	HG1146_PATCH
GCF_000001405.25	PATCHES	17			JH806582.2	Chromosome		NW_004070872.2	fix-patch	342635		4	HG417_PATCH
GCF_000001405.25	PATCHES	17			KB021646.2	Chromosome		NW_004166864.2	fix-patch	211416		4	HG385_PATCH
GCF_000001405.25	PATCHES	17			KE332502.1	Chromosome		NW_004775433.1	fix-patch	341712		4	HG1591_PATCH
GCF_000001405.25	PATCHES	17			GL383563.2	Chromosome		NW_003315952.2	novel-patch	270261		4	HSCHR17_1_CTG1
GCF_000001405.25	PATCHES	17			GL383564.1	Chromosome		NW_003315953.1	novel-patch	133151		4	HSCHR17_1_CTG4
GCF_000001405.25	PATCHES	17			GL383565.1	Chromosome		NW_003315954.1	novel-patch	223995		4	HSCHR17_2_CTG4
GCF_000001405.25	PATCHES	17			GL383566.1	Chromosome		NW_003315955.1	novel-patch	90219		4	HSCHR17_3_CTG4
GCF_000001405.25	PATCHES	17			JH159146.1	Chromosome		NW_003871091.1	novel-patch	278131		4	HSCHR17_4_CTG4
GCF_000001405.25	PATCHES	17			JH159147.1	Chromosome		NW_003871092.1	novel-patch	70345		4	HSCHR17_5_CTG4
GCF_000001405.25	PATCHES	17			JH159148.1	Chromosome		NW_003871093.1	novel-patch	88070		4	HSCHR17_6_CTG4
GCF_000001405.25	PATCHES	18			GL383567.1	Chromosome		NW_003315956.1	novel-patch	289831		1	HSCHR18_1_CTG1_1
GCF_000001405.25	PATCHES	18			GL383568.1	Chromosome		NW_003315957.1	novel-patch	104552		1	HSCHR18_1_CTG2
GCF_000001405.25	PATCHES	18			GL383569.1	Chromosome		NW_003315958.1	novel-patch	167950		1	HSCHR18_1_CTG2_1
GCF_000001405.25	PATCHES	18			GL383570.1	Chromosome		NW_003315959.1	novel-patch	164789		1	HSCHR18_2_CTG1_1
GCF_000001405.25	PATCHES	18			GL383571.1	Chromosome		NW_003315960.1	novel-patch	198278		1	HSCHR18_2_CTG2
GCF_000001405.25	PATCHES	18			GL383572.1	Chromosome		NW_003315961.1	novel-patch	159547		1	HSCHR18_2_CTG2_1
GCF_000001405.25	PATCHES	19			GL582977.2	Chromosome		NW_003571053.2	fix-patch	580393		2	HG730_PATCH
GCF_000001405.25	PATCHES	19			JH159149.1	Chromosome		NW_003871094.1	fix-patch	245473		2	HG729_PATCH
GCF_000001405.25	PATCHES	19			KB021647.1	Chromosome		NW_004166865.1	fix-patch	1058686		2	HG1079_PATCH
GCF_000001405.25	PATCHES	19			KE332505.1	Chromosome		NW_004775434.1	fix-patch	579598		2	HG1350_HG959_PATCH
GCF_000001405.25	PATCHES	19			GL383573.1	Chromosome		NW_003315962.1	novel-patch	385657		2	HSCHR19_1_CTG3
GCF_000001405.25	PATCHES	19			GL383574.1	Chromosome		NW_003315963.1	novel-patch	155864		2	HSCHR19_1_CTG3_1
GCF_000001405.25	PATCHES	19			GL383575.2	Chromosome		NW_003315964.2	novel-patch	170222		2	HSCHR19_2_CTG3
GCF_000001405.25	PATCHES	19			GL383576.1	Chromosome		NW_003315965.1	novel-patch	188024		2	HSCHR19_3_CTG3
GCF_000001405.25	PATCHES	19			GL949746.1	Chromosome		NW_003571054.1	novel-patch	987716		2	HSCHR19LRC_COX1_CTG1
GCF_000001405.25	PATCHES	19			GL949747.1	Chromosome		NW_003571055.1	novel-patch	729519		2	HSCHR19LRC_COX2_CTG1
GCF_000001405.25	PATCHES	19			GL949748.1	Chromosome		NW_003571056.1	novel-patch	1064303		2	HSCHR19LRC_LRC_I_CTG1
GCF_000001405.25	PATCHES	19			GL949749.1	Chromosome		NW_003571057.1	novel-patch	1091840		2	HSCHR19LRC_LRC_J_CTG1
GCF_000001405.25	PATCHES	19			GL949750.1	Chromosome		NW_003571058.1	novel-patch	1066389		2	HSCHR19LRC_LRC_S_CTG1
GCF_000001405.25	PATCHES	19			GL949751.1	Chromosome		NW_003571059.1	novel-patch	1002682		2	HSCHR19LRC_LRC_T_CTG1
GCF_000001405.25	PATCHES	19			GL949752.1	Chromosome		NW_003571060.1	novel-patch	987100		2	HSCHR19LRC_PGF1_CTG1
GCF_000001405.25	PATCHES	19			GL949753.1	Chromosome		NW_003571061.1	novel-patch	796478		2	HSCHR19LRC_PGF2_CTG1
GCF_000001405.25	PATCHES	20			GL582979.2	Chromosome		NW_003571063.2	fix-patch	179899			HG506_HG507_HG1000_PATCH
GCF_000001405.25	PATCHES	20			JH720448.1	Chromosome		NW_003871095.1	fix-patch	70483			HG144_PATCH
GCF_000001405.25	PATCHES	20			KB663608.1	Chromosome		NW_004504304.1	fix-patch	283551			HG944_PATCH
GCF_000001405.25	PATCHES	20			GL383577.1	Chromosome		NW_003315966.1	novel-patch	128385			HSCHR20_1_CTG1
GCF_000001405.25	PATCHES	21			KE332506.1	Chromosome		NW_004775435.1	fix-patch	307252		1	HG237_PATCH
GCF_000001405.25	PATCHES	21			GL383578.1	Chromosome		NW_003315967.1	novel-patch	63917		1	HSCHR21_1_CTG1_1
GCF_000001405.25	PATCHES	21			GL383579.1	Chromosome		NW_003315968.1	novel-patch	201198		1	HSCHR21_2_CTG1_1
GCF_000001405.25	PATCHES	21			GL383580.1	Chromosome		NW_003315969.1	novel-patch	74652		1	HSCHR21_3_CTG1_1
GCF_000001405.25	PATCHES	21			GL383581.1	Chromosome		NW_003315970.1	novel-patch	116690		1	HSCHR21_4_CTG1_1
GCF_000001405.25	PATCHES	22			JH720449.1	Chromosome		NW_003871096.1	fix-patch	212298			HG329_PATCH
GCF_000001405.25	PATCHES	22			JH806583.1	Chromosome		NW_004070873.1	fix-patch	167183			HG1486_PATCH
GCF_000001405.25	PATCHES	22			JH806584.1	Chromosome		NW_004070874.1	fix-patch	70876			HG1487_PATCH
GCF_000001405.25	PATCHES	22			JH806585.1	Chromosome		NW_004070875.1	fix-patch	73505			HG1488_PATCH
GCF_000001405.25	PATCHES	22			JH806586.1	Chromosome		NW_004070876.1	fix-patch	43543			HG497_PATCH
GCF_000001405.25	PATCHES	22			GL383582.2	Chromosome		NW_003315971.2	novel-patch	162811			HSCHR22_1_CTG1
GCF_000001405.25	PATCHES	22			GL383583.1	Chromosome		NW_003315972.1	novel-patch	96924			HSCHR22_1_CTG2
GCF_000001405.25	PATCHES	22			KB663609.1	Chromosome		NW_004504305.1	novel-patch	74013			HSCHR22_2_CTG1
GCF_000001405.25	PATCHES	X			GL877877.2	Chromosome		NW_003571064.2	fix-patch	284527			HG480_HG481_PATCH
GCF_000001405.25	PATCHES	X			JH159150.3	Chromosome		NW_003871103.3	fix-patch	3110903			HG1497_PATCH
GCF_000001405.25	PATCHES	X			JH720451.1	Chromosome		NW_003871098.1	fix-patch	898979			HG1423_PATCH
GCF_000001405.25	PATCHES	X			JH720452.1	Chromosome		NW_003871099.1	fix-patch	522319			HG1424_PATCH
GCF_000001405.25	PATCHES	X			JH720453.1	Chromosome		NW_003871100.1	fix-patch	1461188			HG1425_PATCH
GCF_000001405.25	PATCHES	X			JH720454.3	Chromosome		NW_003871101.3	fix-patch	752267			HG1426_PATCH
GCF_000001405.25	PATCHES	X			JH720455.1	Chromosome		NW_003871102.1	fix-patch	65034			HG375_PATCH
GCF_000001405.25	PATCHES	X			JH806587.1	Chromosome		NW_004070877.1	fix-patch	4110759			HG1433_PATCH
GCF_000001405.25	PATCHES	X			JH806588.1	Chromosome		NW_004070878.1	fix-patch	862483			HG1434_PATCH
GCF_000001405.25	PATCHES	X			JH806589.1	Chromosome		NW_004070879.1	fix-patch	270630			HG1435_PATCH
GCF_000001405.25	PATCHES	X			JH806590.2	Chromosome		NW_004070880.2	fix-patch	2418393			HG1436_HG1432_PATCH
GCF_000001405.25	PATCHES	X			JH806591.1	Chromosome		NW_004070881.1	fix-patch	882083			HG1437_PATCH
GCF_000001405.25	PATCHES	X			JH806592.1	Chromosome		NW_004070882.1	fix-patch	835911			HG1438_PATCH
GCF_000001405.25	PATCHES	X			JH806593.1	Chromosome		NW_004070883.1	fix-patch	389631			HG1439_PATCH
GCF_000001405.25	PATCHES	X			JH806594.1	Chromosome		NW_004070884.1	fix-patch	390496			HG1440_PATCH
GCF_000001405.25	PATCHES	X			JH806595.1	Chromosome		NW_004070885.1	fix-patch	444074			HG1441_PATCH
GCF_000001405.25	PATCHES	X			JH806596.1	Chromosome		NW_004070886.1	fix-patch	413927			HG1442_PATCH
GCF_000001405.25	PATCHES	X			JH806597.1	Chromosome		NW_004070887.1	fix-patch	1045622			HG1443_HG1444_PATCH
GCF_000001405.25	PATCHES	X			JH806598.1	Chromosome		NW_004070888.1	fix-patch	899320			HG1453_PATCH
GCF_000001405.25	PATCHES	X			JH806599.1	Chromosome		NW_004070889.1	fix-patch	1214327			HG1458_PATCH
GCF_000001405.25	PATCHES	X			JH806600.2	Chromosome		NW_004070890.2	fix-patch	6530008			HG1459_PATCH
GCF_000001405.25	PATCHES	X			JH806601.1	Chromosome		NW_004070891.1	fix-patch	1389764			HG1462_PATCH
GCF_000001405.25	PATCHES	X			JH806602.1	Chromosome		NW_004070892.1	fix-patch	713266			HG1463_PATCH
GCF_000001405.25	PATCHES	X			JH806603.1	Chromosome		NW_004070893.1	fix-patch	182949			HG1490_PATCH
GCF_000001405.25	PATCHES	X			KB021648.1	Chromosome		NW_004166866.1	fix-patch	469972			HG29_PATCH
GCF_000001405.25	ALT_REF_LOCI_1	6			GL000250.1	Chromosome		NT_167244.1	alt-scaffold	4622290	chr6_apd_hap1		HSCHR6_MHC_APD_CTG1
GCF_000001405.25	ALT_REF_LOCI_2	6			GL000251.1	Chromosome		NT_113891.2	alt-scaffold	4795371	chr6_cox_hap2		HSCHR6_MHC_COX_CTG1
GCF_000001405.25	ALT_REF_LOCI_3	6			GL000252.1	Chromosome		NT_167245.1	alt-scaffold	4610396	chr6_dbb_hap3		HSCHR6_MHC_DBB_CTG1
GCF_000001405.25	ALT_REF_LOCI_4	6			GL000253.1	Chromosome		NT_167246.1	alt-scaffold	4683263	chr6_mann_hap4		HSCHR6_MHC_MANN_CTG1
GCF_000001405.25	ALT_REF_LOCI_5	6			GL000254.1	Chromosome		NT_167247.1	alt-scaffold	4833398	chr6_mcf_hap5		HSCHR6_MHC_MCF_CTG1
GCF_000001405.25	ALT_REF_LOCI_6	6			GL000255.1	Chromosome		NT_167248.1	alt-scaffold	4611984	chr6_qbl_hap6		HSCHR6_MHC_QBL_CTG1
GCF_000001405.25	ALT_REF_LOCI_7	6			GL000256.1	Chromosome		NT_167249.1	alt-scaffold	4928567	chr6_ssto_hap7		HSCHR6_MHC_SSTO_CTG1
GCF_000001405.25	ALT_REF_LOCI_8	4			GL000257.1	Chromosome		NT_167250.1	alt-scaffold	590426	chr4_ctg9_hap1	2	HSCHR4_1_CTG9
GCF_000001405.25	ALT_REF_LOCI_9	17			GL000258.1	Chromosome		NT_167251.1	alt-scaffold	1680828	chr17_ctg5_hap1	4	HSCHR17_1_CTG5
GCF_000001405.25	non-nuclear	MT	7350	44.5	J01415.2	Mitochondrion		NC_012920.1	assembled-molecule	16569	chrM		MT
